lag,acf
0,1
1,-0.00286071343926
2,-0.00541136936501
3,-0.00176866353329
4,-0.0020246534812
5,-0.00139174416265
6,-0.00153885837029
7,0.000747757839576
8,-0.000168225854631
9,-0.0020342670021
10,-0.00356313469194
11,-0.004168778983
12,0.00459934277228
13,-0.00188885382728
14,-0.00247450390734
15,0.00353452260651
16,0.000393992897931
17,0.000417416060731
18,-0.00170328134843
19,-0.00088986666293
20,-0.00385252714801
21,0.000994065982368
22,-0.00283025217165
23,-0.000852726959319
24,0.000449731812956
25,-0.0014130208908
26,-0.00120183153119
27,0.00149200366863
28,-0.00172919713126
29,0.00146258990333
30,0.000550439860082
31,0.00013080436334
32,0.00266498151066
33,-0.00149870136533
34,0.000557680592909
35,0.00107459945396
36,-0.00368980634982
37,-0.000653076227456
38,-0.00385573721279
39,-0.000689536063413
40,0.00106735887888
41,-0.00153040151139
42,-0.000744315012336
43,0.00133462085323
44,-0.000534878678544
45,-0.00143319185931
46,-0.000146367084905
47,-0.000894274850534
48,-0.010617584852
49,-0.00657661513865
50,-0.00460187270284
51,-0.00417222666679
52,-0.00190089922915
53,0.000391260552294
54,-0.00442960086244
55,-0.0024951683104
56,-0.000641205960343
57,-0.00238373322999
58,0.000400671721762
59,0.000749776869567
60,-0.0167685355733
61,-0.000337832474602
62,-0.00149173490336
63,0.00128843896854
64,-0.00340278671074
65,0.00509412214452
66,0.00150891252612
67,0.00166510883305
68,0.00177711139653
69,0.00259653842434
70,0.00362065348283
71,0.00261003961995
72,0.00233913197669
73,-0.0021590252707
74,0.00446245975142
75,0.000232583950553
76,0.000363150387243
77,0.00144527956192
78,0.00255500068001
79,-0.0013582055503
80,0.00423447806698
81,0.00127160810179
82,-0.000109255275238
83,-0.000898300514112
84,0.00606072116334
85,-0.00197804382986
86,0.00144933351362
87,0.00474261553192
88,0.00404167195312
89,0.00148213962106
90,-0.000339516547575
91,0.00339816319513
92,0.00462079979713
93,0.00294405430984
94,0.00179428504969
95,-0.000753414200392
96,-0.00606593686866
97,0.00244183533345
98,0.00103377773009
99,0.0035676255103
100,-0.00510720902878
101,-0.00294982432188
102,-0.000426282160747
103,-0.00258662650131
104,-0.00218754033204
105,-0.00238707456942
106,-0.00163670464857
107,0.00230288294561
108,-0.00427720584022
109,0.00147145529177
110,0.00264674175796
111,-0.00120279750173
112,0.000723582412083
113,-0.00574245807538
114,-0.000716429188432
115,-0.000999271409837
116,-0.00382135661902
117,-0.000886377602391
118,-0.00262748483987
119,0.000522755793318
120,0.00103747195118
121,-8.99112701815e-06
122,-0.00129385711522
123,-0.000780819710809
124,-0.000122433622981
125,-0.00209133942467
126,0.000111306798115
127,0.000334538335029
128,0.0024748222293
129,0.00152060335499
130,0.00273980267367
131,0.00209467240718
132,-0.000346401831031
133,0.000786342275699
134,0.00391066719722
135,0.00157774460136
136,-0.00175296297315
137,0.000566307218824
138,0.00706585478298
139,-0.00138185609888
140,0.000552998996553
141,0.000470111495045
142,-0.00133807412926
143,0.000824960640947
144,0.000334885480221
145,0.00113688936372
146,0.00238082186778
147,0.00499500001244
148,0.00124370120386
149,0.00618184514157
150,0.00297521968248
151,0.000656600512485
152,0.00280645977865
153,0.00218021210119
154,-0.0022919588575
155,-6.79414574833e-05
156,0.00167303352395
157,-3.88111831704e-06
158,0.000489718948752
159,0.000895127432167
160,0.00110906240965
161,0.00410716334835
162,-0.00169144878841
163,-5.46766548994e-05
164,0.00063542477585
165,0.000194489110402
166,0.0006437069198
167,-0.000422453867749
168,-0.00179719014241
169,-0.00561297552666
170,-0.00129027176232
171,-0.00304995594014
172,-0.00397267285011
173,-0.000305036850263
174,0.000159829282995
175,0.000295744881585
176,0.000388085035323
177,-0.00271378670998
178,0.00218385840095
179,-0.00190599358829
180,-0.00411216033981
181,-0.00082509793185
182,-0.0041237921464
183,0.000993373530788
184,-0.0023932856485
185,-0.00364063665223
186,-0.000889028948775
187,-0.00220197523419
188,0.00183989553173
189,0.00117993899186
190,-0.000219089830445
191,0.00310188027769
192,-0.00155371436782
193,-0.00039144074703
194,0.00111811924687
195,0.00399628697792
196,0.00229661395538
197,0.00106755222414
198,0.000779501992599
199,0.00292530688118
200,0.00307425613849
201,0.00027469397154
202,0.00499784592403
203,0.000971466419754
204,0.00239932551383
205,0.000185050142525
206,0.0029366008432
207,0.00115112498345
208,-0.00224047211887
209,-0.00304432838728
210,0.00108861211245
211,0.00103732763088
212,0.00315016694911
213,-1.89219052071e-05
214,0.00435317445805
215,-0.000656465876928
216,0.00314651071059
217,0.0011859136213
218,0.00242761245704
219,0.00490175871787
220,0.00225592856874
221,0.00187381248415
222,-0.000500086843268
223,0.00558401346523
224,0.00328931776565
225,0.000790340479677
226,0.00359387542856
227,-0.000611091531085
228,0.00375014147225
229,0.00124791556705
230,-0.00224656993188
231,0.00311933083676
232,0.00376403984163
233,0.00348713586977
234,-0.00322025515674
235,-0.0008978527431
236,8.014513069e-05
237,-0.000747165875366
238,-0.000610209389473
239,-0.00139062025507
240,0.00458570360224
241,0.00144083259647
242,-0.000577797708766
243,-0.00101589836108
244,0.00196441757206
245,0.0028438938751
246,0.00343266562026
247,-0.000893658218368
248,0.000156773632004
249,-0.00201309004299
250,-0.000100048068723
251,0.000182491207878
252,0.000857968008119
253,-0.00148699985187
254,0.00323745226804
255,0.00261468295561
256,0.000384494729118
257,0.000731546956512
258,0.00145671475428
259,0.00289456615722
260,0.00339128574411
261,0.00500267224793
262,0.00321103084276
263,0.00331103776056
264,0.000440351182467
265,0.00116086625001
266,0.00552385009829
267,0.00181805203654
268,0.00434525458962
269,0.00718947151466
270,0.00779924681452
271,0.00418906682273
272,0.00674876111614
273,0.00513559077138
274,0.0101482269806
275,0.00687329375416
276,0.00994365095917
277,0.00956722343329
278,0.00964354573113
279,0.00698868417452
280,0.00762885879955
281,0.0117098822986
282,0.00832806096081
283,0.0100934774036
284,0.00864751580825
285,0.0122290466845
286,0.00995912548336
287,0.0173294935415
288,0.0213408054203
289,0.0116433868187
290,0.0116642013995
291,0.0125667966558
292,0.0093180184581
293,0.0118341337247
294,0.00669924535609
295,0.00886040325896
296,0.00979827808526
297,0.00840251840487
298,0.00764732412831
299,0.0097506161721
300,0.00681482383803
301,0.00254355486816
302,0.00762645176782
303,0.00330023532969
304,0.0104103521327
305,0.00433136174869
306,0.0060028714155
307,0.00325501818846
308,0.00506244177049
309,0.00410312473815
310,0.00261398447387
311,0.00270980998045
312,0.00119221025262
313,0.00728722286317
314,0.00473473586757
315,-0.00143816393738
316,-0.000855438088826
317,0.00453626077165
318,0.000433574816935
319,0.0016355643585
320,0.000718951854369
321,-0.00130626999844
322,-0.00128219320939
323,0.00170252713857
324,-0.00123996737425
325,0.0032388698216
326,0.00264648216967
327,-0.00033237771755
328,4.66870607357e-06
329,-0.000428212823364
330,0.00154674807535
331,-0.00254220815826
332,0.000886950796209
333,0.00162790080795
334,7.31807651097e-05
335,-0.00253437862852
336,-0.00128004720524
337,0.00149021059057
338,0.00283588350269
339,-0.00244743849571
340,0.00208876081799
341,0.00130732525934
342,0.00076711258569
343,-0.00071396030442
344,-0.000252719429671
345,-0.00127976204132
346,-0.000616275710197
347,0.0026640249771
348,0.00358898929064
349,0.00152227365963
350,0.000471607944839
351,0.00145864678061
352,-0.000568913200353
353,0.00302311225159
354,-0.000270998048129
355,-6.15633304849e-05
356,-0.00014911681616
357,-0.00217806305977
358,0.000231668181597
359,-0.000517254705233
360,0.000672471112835
361,-0.00171125647045
362,0.00343258458172
363,0.000483149980463
364,0.00265624951159
365,0.00102773696257
366,-0.000462489336681
367,0.00332620412944
368,-0.0025354700737
369,0.00222179577353
370,-0.00300929422019
371,0.000104260865783
372,0.00235826423675
373,-0.0032509970598
374,-0.00042395734078
375,0.000784438210064
376,0.00249798886651
377,-0.000519921699029
378,-0.000574240655439
379,0.000477027652099
380,-0.000186861348212
381,-0.00324220862537
382,-0.000733627000075
383,-0.00341251499276
384,-0.000592261282235
385,-0.0045116163246
386,-0.000686782824489
387,-0.00174063862621
388,-0.00588829949337
389,-0.00143985707307
390,-0.00112675479053
391,0.000689728560708
392,-0.00293352443422
393,-0.00381890058509
394,-0.0034768901292
395,-0.00441952327593
396,-0.00196571917875
397,-0.000877300486364
398,-0.00192434351725
399,-0.00247473054052
400,-0.00531715246255
401,-0.0018887421422
402,-0.00258597361706
403,-0.000782791509657
404,-0.00155024564284
405,-0.00510617159958
406,-0.00193356793146
407,-0.00147032736594
408,-0.00381001854698
409,0.00118600823761
410,-0.000766969508103
411,0.00051094687513
412,-0.0024023119339
413,-0.00647620645634
414,-0.00165079903792
415,0.00249266117196
416,0.000507921037871
417,0.00233885992942
418,-8.12141823146e-06
419,0.0016640895784
420,-0.00165330615995
421,-0.000415464804959
422,-0.00347234702402
423,0.00223874499314
424,0.00310031289536
425,0.00313730146535
426,0.00248640359689
427,-0.000258366805199
428,0.00311153941104
429,0.000686283631444
430,0.000261790857484
431,0.000645365279248
432,-0.00213091858315
433,-0.000955155446742
434,0.000828768198628
435,0.00119546300027
436,-0.000640965571123
437,-0.000357309558147
438,0.0013958727065
439,0.00144819331507
440,0.000278513544839
441,0.000488558841649
442,-0.00289153726545
443,-0.000585503218648
444,-0.00270432038009
445,0.00162409104054
446,0.00208037319773
447,0.00243875766328
448,0.00017048068267
449,-1.59667243043e-05
450,-0.00168564576555
451,-0.000328779471654
452,-0.00108996084577
453,-0.00208318382954
454,0.000391674547726
455,0.00318400354675
456,-0.00163610342369
457,-0.00200321890597
458,-0.000352895522923
459,-0.00320368117364
460,-0.00204594457342
461,-0.0022398765579
462,0.000551544582319
463,-0.000255034551346
464,-0.00172903196502
465,-0.00571489319854
466,-0.00544024728214
467,-0.000696951373556
468,-0.00171139044759
469,-0.000922087756311
470,-0.0017374484945
471,-0.000570742348402
472,-7.00298808825e-05
473,-0.00307959045451
474,-0.0014013449492
475,-0.00498222108618
476,0.00171115420232
477,0.00192472041996
478,0.00140725906028
479,-0.00389328843489
480,-0.00188117628305
481,0.00190248850525
482,-0.00118366940404
483,0.0019130927463
484,0.00436211388675
485,4.36326766393e-05
486,0.00199318209824
487,-0.00229595561167
488,0.00216797280149
489,0.000252406516701
490,0.00173409917829
491,0.00557703506184
492,0.00219554809897
493,0.00228392968266
494,-0.00168690583746
495,-0.00064481332431
496,0.00112409329014
497,0.00257188227877
498,-0.000409585180272
499,0.000225811169935
500,0.00245239890343
501,0.00134551598695
502,0.00101375006464
503,-0.000815727280929
504,-0.00112463966337
505,0.000153800498598
506,-0.00180238291959
507,0.00306234911073
508,0.000849937991776
509,-0.000117692380744
510,0.00372153919441
511,0.00175731451846
512,0.00341691990501
513,0.00057900168838
514,-0.00280100860345
515,-0.00311811921133
516,-0.000325918822433
517,0.002384358695
518,-0.00210780257217
519,-0.00434530411558
520,-0.00479509593001
521,0.00189014024475
522,-0.00410406528419
523,-6.36859770705e-05
524,0.00197783298543
525,0.00133060438579
526,-0.00105472858181
527,-0.000511339702617
528,0.000539512552083
529,-0.00084036190651
530,-0.00338896039188
531,-0.00229714339534
532,0.00165389690165
533,-0.00133209742518
534,-0.00277562323496
535,-0.00212861601446
536,0.00215904237214
537,0.00190519416182
538,0.000450560159011
539,0.000770766840848
540,-0.000881802782107
541,-0.000157863208636
542,8.61389060129e-05
543,-0.000333602683997
544,-0.00202497479071
545,0.00459252999657
546,-0.000195583937368
547,-0.00115314790121
548,0.0024407442805
549,0.000748047625691
550,0.00234285026536
551,0.00253170184601
552,0.0032774157241
553,0.00686579700861
554,0.00164896501519
555,0.00202424207987
556,-0.000732065755523
557,0.000625071173136
558,0.00475907173234
559,0.00585630273524
560,0.00401451616513
561,0.00541344153755
562,0.00345103049084
563,0.00919838726542
564,0.0059169970917
565,0.00797412932253
566,0.00583999720366
567,0.00583547013771
568,0.0015220597842
569,0.00553850498717
570,0.0129944575971
571,0.00881024158747
572,0.00783222312528
573,0.0089844871312
574,0.0115820801294
575,0.0105636678735
576,0.0143321374391
577,0.0118862280773
578,0.00805768965411
579,0.0111532345721
580,0.0103549025102
581,0.00658575452962
582,0.00442046598213
583,0.0117117195876
584,0.00774704020204
585,0.00590607494996
586,0.00412084580968
587,0.00826783427632
588,0.00790357102351
589,0.00539984930107
590,0.00455104955517
591,0.00566723696559
592,0.00461729600261
593,0.00466480438117
594,-0.00148581917835
595,0.00175546324001
596,0.00205422504649
597,0.00163865166693
598,0.00415756788015
599,0.00350800750667
600,0.000552121940336
601,0.00252919993462
602,0.0032614768204
603,0.00458579731863
604,0.00298261441727
605,0.00129287096981
606,0.00163799168106
607,0.000197374193578
608,0.000449715246254
609,-0.000248791017152
610,-0.00133718274606
611,0.000176099858908
612,0.000262806413953
613,-0.000934007755156
614,0.000822956272342
615,-0.00128808116017
616,-0.000670046736999
617,0.0018773326507
618,-0.00261337459931
619,0.000262212646481
620,-0.00137199604306
621,-0.00189903545503
622,-0.00204882803701
623,-0.00409559430317
624,0.00116723554876
625,-0.00106475144983
626,0.00274944607553
627,-0.00136219489585
628,0.00100484787515
629,0.00132851795221
630,-0.00367479027341
631,-0.000668019331427
632,-0.00406436723499
633,0.00358459589146
634,-0.00359102625668
635,-0.00152159974605
636,-0.000221310638176
637,-0.00275971618856
638,0.000584822168869
639,-0.00231226159562
640,0.00318005794157
641,-0.00300841017429
642,0.00496557591144
643,-0.00188351344609
644,-0.00087520142166
645,0.000204069501587
646,-0.00230437568093
647,0.000680467641289
648,-0.00104165056815
649,0.000406301621847
650,-0.00184485855143
651,0.00328192414097
652,-0.00315035125472
653,0.000936463465725
654,-0.000787008061236
655,0.00262835817029
656,0.00147428703542
657,0.00306500504985
658,0.0010428620255
659,-0.00041689684208
660,-0.00389906443798
661,-0.00208369911313
662,-0.00210155739515
663,-0.00042759500474
664,0.00117687822641
665,-0.00063723486411
666,0.00388510858236
667,0.0014383805853
668,0.0027204405889
669,0.00147736281919
670,0.000528829953662
671,0.000436305578045
672,-0.0014090632172
673,-0.00029262832401
674,0.00119334596785
675,0.000227380198746
676,-0.000892784604679
677,-0.00453676377798
678,0.000477382234494
679,-0.00467702231204
680,-0.0024286115305
681,-0.000813475638566
682,-0.00410056212262
683,-0.00415564223251
684,-0.000908620741981
685,-0.00189257235194
686,0.000525491909109
687,-0.00272549653895
688,-0.00116377569823
689,-0.00277444849666
690,0.00155233363968
691,-0.00189820959543
692,-0.00182020631714
693,0.000101255705472
694,-0.00322955077537
695,-0.00661040224276
696,-0.0017742094747
697,-0.0059623913871
698,-0.000647895895776
699,-0.000479036803586
700,-0.00437490249682
701,0.000903055247164
702,-0.00229846989233
703,-0.00249166830603
704,0.00066361653197
705,-0.00122047731531
706,0.00132939005959
707,0.00440129486964
708,5.05574092937e-08
709,0.00120662909223
710,0.00364191135305
711,0.000554251780509
712,0.00209271174429
713,0.00465742013499
714,-0.00128620139029
715,0.000292864942879
716,0.00288308920948
717,-0.00115670899624
718,-0.0019228916437
719,0.00221897576694
720,0.00317812075126
721,-0.00212790700232
722,0.000256501204722
723,0.000467978493064
724,4.52293445212e-05
725,-0.000683904178152
726,-0.00305254172192
727,0.000609905818773
728,-0.00189515888339
729,0.00142886850906
730,0.00261628144892
731,-0.00201140057124
732,-0.000906985091804
733,0.0015898504803
734,-0.000101163020441
735,-8.0791921436e-05
736,-0.000946986844035
737,-0.000813162371434
738,-0.00238878145618
739,-0.00150594241779
740,-7.52679626113e-05
741,-0.00170675034122
742,-0.00238561883149
743,-0.0045415925538
744,-0.000126577284055
745,-0.000797059666156
746,-0.00230530333912
747,-0.00228700092882
748,-0.00155596812213
749,-0.0022542501531
750,-0.00428346064959
751,-0.00424103278001
752,-0.00460724327429
753,-0.000978641186804
754,-0.00158177527254
755,0.00138373176797
756,-0.00123729852116
757,-0.00128042150598
758,-0.00474146810191
759,-0.000593076327213
760,0.000431204332924
761,-0.00529455307589
762,-0.00148327843262
763,0.00163514956489
764,-0.00105554841494
765,-0.00140562135515
766,0.000686254708241
767,0.00174504907036
768,-0.000939867847907
769,-0.00135895037146
770,-0.00210300778117
771,0.0013056802064
772,0.00127500250778
773,0.00175738400374
774,0.000872599872707
775,0.000954222864446
776,-0.00055119242712
777,0.00232727004145
778,0.00218774549034
779,0.00347772465309
780,0.00195512643579
781,0.000744606024395
782,0.00144815310549
783,-0.000880263625974
784,-0.00210507544387
785,2.77108533561e-05
786,0.00303711115675
787,0.002458511125
788,0.000527128464788
789,0.000979629065028
790,-0.0010894446633
791,-0.000823550173929
792,0.000389106483824
793,0.00252364996787
794,0.00239173596979
795,-0.00173076251664
796,0.000728854048353
797,-0.000431904412124
798,-0.0032107010776
799,0.000945503322964
800,-0.00134022635194
801,0.00243279510304
802,0.0022316445626
803,-0.000173837269026
804,-0.000844242237419
805,0.00064651920562
806,-0.0020836630256
807,-0.00110704821923
808,-0.00079439483024
809,-0.00319666578077
810,-0.00013904256349
811,0.000313302086976
812,-0.00159798855819
813,-1.14364983986e-05
814,-0.0015162692318
815,-0.00221962382117
816,0.00342907019455
817,0.000157324640744
818,-0.000701245795234
819,-0.000304796321586
820,0.00199876188281
821,-0.00188034029731
822,0.00391601856828
823,-0.000937877865946
824,-0.000443783785414
825,-0.00148407838398
826,-0.00147226382777
827,-0.000100494882004
828,0.000197011445516
829,0.000134043703442
830,-0.000146681021717
831,0.000775041564814
832,0.000355279036871
833,0.00417598301363
834,0.00242617737167
835,0.00573169240455
836,0.00157250703446
837,0.00200072753828
838,-0.0011510748738
839,0.000800453963193
840,0.00333349000932
841,0.00259451891856
842,0.00198405575599
843,0.00140065568041
844,0.00520887364519
845,0.00662816300226
846,0.00555353767277
847,0.00489216023573
848,0.00572000873046
849,0.00329384715914
850,0.00429729540886
851,0.00473815292203
852,0.00604489821098
853,0.0106981595357
854,0.00516955715204
855,0.00623413931054
856,0.00672297932412
857,0.00530997306996
858,0.00732282329264
859,0.0100878991254
860,0.00633115925652
861,0.0087335037213
862,0.0130779206016
863,0.00851932032011
864,0.0163313023035
865,0.0108420220106
866,0.0110058121117
867,0.00643901579235
868,0.00805535957833
869,0.00984128047233
870,0.00492703705531
871,0.00246950580944
872,0.00800148359666
873,0.00322947689004
874,0.00652796612631
875,0.00588579049264
876,0.00764183239469
877,0.00719406524625
878,0.0020514610989
879,0.00292997027335
880,0.00421108850342
881,-4.44394814593e-05
882,0.00551905851496
883,0.000457071055737
884,0.00783969200813
885,0.0016741739972
886,0.00384324966738
887,0.00217545766875
888,0.00225430207034
889,0.0026150698552
890,0.00397475210443
891,-0.00095061446338
892,0.0010286608594
893,-0.00112369873262
894,0.0021783779195
895,0.00142701140844
896,0.00267301599141
897,-0.00261659311906
898,0.00492713095484
899,-0.00296058005459
900,-1.05698018651e-05
901,-3.87651011684e-05
902,-0.00255271753002
903,0.00115249678868
904,-0.00148808494423
905,0.000225320588454
906,-0.00186898953836
907,0.000491986872554
908,0.00304041645118
909,-0.00249808664624
910,0.00456460128693
911,0.000796945890706
912,-0.00354143062768
913,0.00339031595793
914,-0.00442246427165
915,0.000635612690555
916,0.000595293533558
917,-0.000300443338528
918,-0.00151472970231
919,-0.00273796279145
920,-0.00248914629006
921,-0.00206932377213
922,0.00134886574089
923,0.00152152983189
924,-0.00245844036153
925,0.00156916355006
926,-0.00149229943854
927,0.000198856339084
928,0.00374498884381
929,0.00077861227183
930,-0.00373671748247
931,-0.000125227635562
932,0.00334245907864
933,0.000590288612197
934,-0.00182739863418
935,0.00118673474363
936,0.00181441891558
937,-0.000646554585676
938,-0.00130512741601
939,0.00135010917217
940,0.00231825988113
941,0.00467412192681
942,0.00157644957905
943,0.00060186056285
944,-0.000618015669916
945,-0.00376048401528
946,-0.000198037914104
947,0.00165653138675
948,0.0011786567203
949,0.00187137420161
950,-0.000921170019583
951,0.00341679383408
952,-0.00376376597266
953,-0.00438184312576
954,-0.00469026878112
955,0.00190886646685
956,0.00321550516818
957,-0.000247236404906
958,-0.00175202758692
959,0.000777505439302
960,0.00113352802167
961,-0.000235015339215
962,0.00287089072423
963,-0.00154742299016
964,-0.00151511509452
965,0.000652531328249
966,-0.00133879769012
967,-0.00226465301367
968,-0.00173387293598
969,-0.00013778743894
970,-0.00141025378168
971,-0.00112649876146
972,-0.00568592479816
973,-0.000599861833097
974,-0.00213698602697
975,-0.00471934702229
976,-0.0034753495313
977,-0.00396543573146
978,-0.00139731725994
979,-0.00264957329264
980,-0.00112647877757
981,-0.00115001576941
982,0.000372816472476
983,-0.00190946678025
984,-0.00166714837491
985,-0.004590754882
986,-0.00334600275064
987,-0.00361369814763
988,0.00226835616375
989,-0.00286895994729
990,0.00268997985587
991,-0.0012911024581
992,0.000151708164737
993,0.000247590277376
994,0.00188140467534
995,-0.000161980516019
996,0.000171700528624
997,0.000517311803554
998,-0.000797409264106
999,0.000117407699531
1000,-0.0031561102144
1001,-0.00045188016696
1002,0.00145850450123
1003,0.00129556164111
1004,0.00332179821565
1005,0.00395822800949
1006,-0.00105208488738
1007,0.00423669652689
1008,-0.000996975377963
1009,0.000949319131718
1010,-0.00203297409991
1011,-0.00118451483617
1012,-0.00173030214503
1013,0.000490366513741
1014,-0.000836679470902
1015,0.00155634616163
1016,0.00137939308531
1017,0.0007514590427
1018,-0.0042717022264
1019,-0.00371793626761
1020,0.000344459509972
1021,-0.00123979817864
1022,0.00196890671996
1023,0.00102877403184
1024,0.00297490151231
1025,-0.00296865171605
1026,-3.71068463704e-06
1027,-0.000596879616153
1028,-0.0056365757637
1029,-0.00150187671028
1030,-0.00210278942199
1031,-0.000581604957386
1032,-0.00271691549201
1033,-0.00064547507224
1034,-0.00263669738931
1035,-0.000998615555706
1036,-0.00258665201299
1037,-0.00194899169189
1038,-0.002072016504
1039,0.00171109749322
1040,-0.00220120426556
1041,-0.00247266230308
1042,-0.00224960316927
1043,-0.00130714924388
1044,-0.00419995322883
1045,-0.000131865795861
1046,-0.00759316247802
1047,-0.00101461340876
1048,-0.00234187085665
1049,-0.00109272044985
1050,7.37589846774e-05
1051,0.00102189746945
1052,-0.00181687645608
1053,0.00214586738835
1054,-0.000446642164233
1055,0.000881074957632
1056,-0.00448609236271
1057,0.000994980089993
1058,0.000812015402052
1059,-0.000698543867622
1060,0.0024341515505
1061,0.000797941034132
1062,0.00108151130401
1063,-0.000649440088078
1064,-0.000854433654848
1065,-0.00108127723663
1066,-0.00120352980068
1067,1.06370184385e-05
1068,-0.00121355685386
1069,-0.00197004965164
1070,-0.00184250408087
1071,0.00556462560911
1072,-0.00107311881265
1073,-0.00317907572558
1074,0.000943521483038
1075,0.000910021853479
1076,0.00202138471106
1077,0.000949220372177
1078,-0.000332467243163
1079,-0.00104112165413
1080,0.00377110576128
1081,-1.11985719736e-05
1082,-0.000214932635229
1083,-0.00082539422945
1084,-0.000582867312547
1085,0.000734137048474
1086,-0.000149249456815
1087,-0.00106177267649
1088,0.00101825206611
1089,0.00389025132053
1090,0.00114115937379
1091,-0.00250455123018
1092,0.00276941253077
1093,-0.00222895410368
1094,0.000275394269543
1095,-0.000759752137472
1096,-0.00271474031692
1097,-0.00206678308454
1098,-0.00303415836123
1099,0.00432541798266
1100,0.00345168878843
1101,0.000804258290273
1102,-0.00250126831244
1103,-0.00295358887952
1104,-0.000330070759992
1105,-0.000940949737137
1106,-0.00128699682223
1107,-0.000320319805274
1108,-0.00147986227297
1109,-0.00365053207706
1110,0.000703857931562
1111,0.00283145219054
1112,0.000431722482294
1113,-0.00182142364946
1114,-0.00115182475489
1115,-0.00452524340129
1116,-0.000714498953131
1117,0.00390199848591
1118,0.000972583806485
1119,0.00252750070465
1120,-0.00150137734787
1121,0.0025852532321
1122,0.00387644103198
1123,-0.000891605082033
1124,-0.000213859474688
1125,0.0026547445342
1126,0.00360976477901
1127,0.00457756699143
1128,0.00272179106399
1129,0.00444529538394
1130,0.00240767757266
1131,0.0021656855518
1132,0.00458737328385
1133,0.00154686244399
1134,0.00205581086875
1135,0.00397747888751
1136,0.00416558503002
1137,0.0048612490015
1138,0.00647102419339
1139,0.00176575883488
1140,0.0056478189338
1141,0.00864599036246
1142,0.00636609559178
1143,0.00811232142756
1144,0.00787556042028
1145,0.00929841173165
1146,0.00777653638012
1147,0.00763115118683
1148,0.00321215117312
1149,0.0113962857152
1150,0.0121249245962
1151,0.0101156683286
1152,0.0119286285245
1153,0.0107033493026
1154,0.00894593105557
1155,0.0100654203602
1156,0.00555509945019
1157,0.00976957629654
1158,0.00927092832648
1159,0.00527980089679
1160,0.0109519429566
1161,0.00185944605665
1162,0.00732126170393
1163,0.0073321909031
1164,0.00591334555677
1165,0.00413642092837
1166,0.00637032364623
1167,0.00310814127286
1168,0.00447148575464
1169,0.0067487728552
1170,0.0026425360812
1171,0.00252023651533
1172,0.00279595080808
1173,0.000654186476476
1174,0.00564432387574
1175,-0.0033372786881
1176,0.00594417381869
1177,-0.000120896270943
1178,0.000201428022327
1179,0.00435241117423
1180,0.00204730047579
1181,0.00153404002809
1182,0.00315734565314
1183,0.00449699486904
1184,-0.00242943906122
1185,-0.000492435606931
1186,0.000565166126104
1187,-0.0006783250669
1188,0.00452390162192
1189,0.000545893116829
1190,0.00134000613657
1191,-0.00195645417348
1192,0.000318531968388
1193,-0.00185589052272
1194,-0.00458449798259
1195,-0.00186056592376
1196,0.000141425358817
1197,0.000686151491293
1198,-0.00115699380747
1199,-0.000152164548237
1200,-0.000196831641314
1201,-0.00183233895096
1202,0.00227717924112
1203,0.00138570530803
1204,-0.000698641828563
1205,-0.00125412820736
1206,-0.000901800261722
1207,-0.00117791298227
1208,3.80981495488e-05
1209,-0.00249912619624
1210,-0.000885820931048
1211,-0.00101910575016
1212,0.000421754849806
1213,-0.00612093536294
1214,0.00119635012582
1215,7.49090893027e-05
1216,0.00133358264361
1217,0.00100609947736
1218,0.00210553324772
1219,0.00116525364995
1220,-0.00447823709464
1221,0.00280736565651
1222,-0.00241864717068
1223,0.000622690212657
1224,-0.00498300559795
1225,0.000253655072649
1226,-0.00408887703105
1227,0.00484737071049
1228,0.00188288330614
1229,0.00530688606937
1230,-0.000969925478912
1231,0.00211157372305
1232,0.000805990709444
1233,0.000649672210584
1234,-3.53340064815e-05
1235,-0.00117580760757
1236,-0.00283412724278
1237,0.00250794620654
1238,0.00298677797549
1239,-0.000600071782147
1240,0.000230529319132
1241,0.00126889941499
1242,0.00341759702451
1243,-0.00453689220064
1244,0.00199827763192
1245,0.000179080467962
1246,0.00162857808899
1247,0.002253240698
1248,-0.000245058160863
1249,0.0035764119454
1250,0.000656707222895
1251,-0.000581356219368
1252,-0.00214741038622
1253,-0.00289894996059
1254,-0.00569167421973
1255,-0.00384886954713
1256,-0.000283688104538
1257,0.000290882034418
1258,-0.00577926001303
1259,-0.00179714938677
1260,-0.003850986468
1261,-0.00108230914523
1262,0.000479669456163
1263,-0.00392023023396
1264,-0.00227732952366
1265,-0.00152300332309
1266,0.000337416617581
1267,-0.00372570240494
1268,0.000549608402012
1269,0.00208867759912
1270,-0.00377964041449
1271,-0.00112163236377
1272,0.000805818001899
1273,-0.000900127603174
1274,0.00239271078119
1275,0.00222710103681
1276,-0.000786564221046
1277,-0.0040835644113
1278,-0.00441514591161
1279,-0.000722569093924
1280,0.00253116757977
1281,-0.000514673813771
1282,-0.00148580500085
1283,0.00286838550856
1284,-0.000334773761977
1285,-0.00091668916883
1286,-0.000953208474021
1287,0.00350495715323
1288,-0.00108938029419
1289,-0.00170503918448
1290,2.16260759172e-05
1291,0.00123632448329
1292,-0.00293528391926
1293,0.00233332325268
1294,0.00319923790367
1295,0.00166891382851
1296,-0.00255812141324
1297,-0.00108940726458
1298,-0.000473342788294
1299,-0.000345568529685
1300,0.00163579223426
1301,0.000556122998167
1302,-0.00185136366603
1303,-0.00272860722442
1304,0.00225812651454
1305,-0.00279146204463
1306,-0.00223707870898
1307,-0.000414002582592
1308,0.000456749680492
1309,0.00189452260005
1310,7.64007961287e-05
1311,0.00375427458481
1312,0.00201152912084
1313,0.000278819352975
1314,0.00155946696292
1315,-0.00355308285021
1316,-0.00234052484522
1317,-0.00225677908397
1318,-0.00422115024783
1319,-0.0020012296688
1320,-0.00320347078622
1321,-0.00526685234867
1322,-0.00357625773961
1323,-0.00238386692427
1324,-0.00115646063153
1325,-0.00321984586874
1326,-0.00130696886269
1327,-0.00280867425276
1328,-0.00279446360287
1329,0.00154414126932
1330,-0.00138735426048
1331,-0.00170122450113
1332,-0.00424628642403
1333,-0.0069278191584
1334,-0.00263228419987
1335,-0.00288730179725
1336,-0.00303143440635
1337,-0.00237294485782
1338,-0.00385353543074
1339,-0.0012204171866
1340,-0.00120821381968
1341,0.000141943734124
1342,-0.00364470230672
1343,0.00101717326338
1344,0.00280120694274
1345,0.00346560890259
1346,0.00177905790877
1347,-0.00105360614702
1348,-0.00040028360469
1349,-0.00306753414222
1350,-0.00131005817412
1351,-0.00171298534142
1352,0.00302086820882
1353,-0.0030572618517
1354,-0.00257419454501
1355,0.00118993679049
1356,-0.00239356587686
1357,0.00103990277597
1358,-0.000881025235874
1359,0.000135665127131
1360,0.00240862868419
1361,-0.00137860415958
1362,-0.000388846968198
1363,-0.000617162199438
1364,0.000992898245285
1365,0.00202883587447
1366,0.00319215057626
1367,0.00177932786307
1368,0.00179038927754
1369,-4.8528631861e-05
1370,-0.00267864463783
1371,0.0012515999634
1372,-0.000321097825714
1373,-0.00183095512786
1374,0.00137405196654
1375,-0.00213552442423
1376,-0.00156430799146
1377,0.000838943041929
1378,0.00208563665038
1379,-0.00379314078636
1380,0.00234848004869
1381,0.00029471049369
1382,-0.00406764862772
1383,3.62940513655e-05
1384,0.00120684149243
1385,0.00104988492686
1386,0.000689678593052
1387,-0.00373595088364
1388,0.000377297230046
1389,0.00181366331581
1390,-0.00216175925795
1391,0.00240855002769
1392,-0.00350474560381
1393,0.00017501920141
1394,-0.00241767633311
1395,-0.000290651094921
1396,-0.00312083143767
1397,-0.00117000200888
1398,-0.00130727485374
1399,-0.00128736333457
1400,0.000874363210311
1401,0.0020717476037
1402,-0.00231327274317
1403,0.00300546419347
1404,-0.0021160424251
1405,0.000241367613448
1406,0.00111000839098
1407,0.00424410051787
1408,0.000226015898511
1409,-0.000708082598323
1410,0.0027142363138
1411,0.00440476100034
1412,0.000633963027377
1413,0.00136782212846
1414,0.00222544621164
1415,0.000917050990155
1416,-0.00117994795975
1417,0.00105342089392
1418,0.00109440068562
1419,0.00324206466923
1420,0.00367048328565
1421,8.86908530006e-05
1422,0.00438979618729
1423,0.00292556416852
1424,0.00444049202513
1425,0.0105996879293
1426,0.00468136499579
1427,0.00501397611962
1428,0.0055928330305
1429,0.00848712086453
1430,0.0082736580755
1431,0.00696007059345
1432,0.0063669203938
1433,0.00501620811948
1434,0.0050247474149
1435,0.0068938656434
1436,0.0050467700692
1437,0.0089232534498
1438,0.00949221628763
1439,0.011448425404
1440,0.015639437365
1441,0.0126586181558
1442,0.0095203217979
1443,0.0100758961223
1444,0.00881167142635
1445,0.00698934339063
1446,0.0051976683894
1447,0.00506529679376
1448,0.0069110568411
1449,0.00487067043288
1450,0.00728520194125
1451,0.00964812113308
1452,0.00203338433741
1453,0.00547204827013
1454,0.00807371494891
1455,0.00549166904486
1456,7.81083357122e-05
1457,0.00452042556887
1458,0.00455597580178
1459,9.05365845902e-05
1460,0.00321266817796
1461,0.00293984475586
1462,0.00279396928903
1463,0.00471770339802
1464,-0.00276932587347
1465,0.00497670624878
1466,-0.00134809217375
1467,0.000607894195181
1468,-0.000402677077016
1469,0.00192147328021
1470,0.000648592727874
1471,0.00287030895556
1472,-0.00158582352669
1473,-5.72795330667e-05
1474,0.00164190701917
1475,-0.00126533704997
1476,-0.00241101270928
1477,-0.00395948047655
1478,0.00130009037009
1479,-0.00208154977816
1480,-0.00188057932158
1481,-0.00336275977359
1482,-0.00404196868542
1483,-0.0010413886731
1484,-0.000298311860616
1485,-0.000792561828136
1486,0.00563112740286
1487,0.00171831747487
1488,-0.00241368781411
1489,-0.00305429103039
1490,-0.00103898802305
1491,0.00179959448727
1492,0.000648626535497
1493,-0.000196545137264
1494,-0.00349517184992
1495,-0.000557731490978
1496,0.000187409313561
1497,-0.00355336684665
1498,-0.00322734411463
1499,-0.000354550335716
1500,-0.00339986472878
1501,-0.000448981917803
1502,-0.00223924441425
1503,0.00284208124158
1504,0.00135690464028
1505,-0.00297271034471
1506,0.00357980213063
1507,-0.00266090127753
1508,0.000279873708005
1509,-0.000113895007647
1510,0.000742175197734
1511,-0.00162188642905
1512,-0.00205993462522
1513,-2.08175401414e-05
1514,-4.06614114813e-06
1515,0.000103111745122
1516,0.000921741823431
1517,0.0021643549847
1518,-0.00109039038416
1519,0.00314380413205
1520,0.00232280931097
1521,0.000677083590059
1522,0.00242364733906
1523,0.00120661801089
1524,0.00421294258602
1525,-0.00247079340161
1526,-0.00120250563417
1527,0.00212144263123
1528,0.000403190940272
1529,0.00211010210362
1530,-0.00260598558924
1531,0.000720882320663
1532,0.00205132944225
1533,0.00314323572188
1534,-0.00391629812096
1535,0.000539171092271
1536,0.000949197653839
1537,0.000473446880388
1538,-0.0029520873232
1539,-0.00294940448601
1540,-0.00110493311258
1541,0.00187358646824
1542,-0.00200445807866
1543,-0.00419933780613
1544,-0.00122827386861
1545,-0.00332218283017
1546,-0.00348645886804
1547,0.00131776806375
1548,-0.00219850370355
1549,-0.00130313461548
1550,-0.0012694087726
1551,-0.00164418602939
1552,-0.000304052692885
1553,0.00303282002729
1554,-0.00389065450142
1555,-0.00211991499377
1556,0.000527892260905
1557,-0.0017734852441
1558,-0.00331172467585
1559,-0.00209521606631
1560,-0.000581109945931
1561,-0.00219157243288
1562,-0.00419530203173
1563,-0.000973696826199
1564,-0.0025692311011
1565,-0.0031211016812
1566,-0.00280523141799
1567,0.00137020668716
1568,0.000246866055019
1569,-0.001096500126
1570,0.00323404171748
1571,-0.00241791643341
1572,-0.002174467545
1573,0.00275431733573
1574,-0.0015073044566
1575,0.0018347949302
1576,-0.00182404517362
1577,-0.00191051101557
1578,0.00285352133322
1579,-0.00104476788011
1580,-0.00069020250285
1581,0.00114390311955
1582,-0.00147832359775
1583,0.00299371615462
1584,-0.00384618368948
1585,1.48837272872e-05
1586,0.00506260861499
1587,0.00297124076085
1588,-0.00148866335685
1589,-0.000214506243514
1590,-0.00210583007563
1591,-0.00297614967918
1592,0.00188388082453
1593,-0.00209449860157
1594,0.0026068523153
1595,0.000690229597845
1596,-0.00127569988984
1597,-0.00322292872504
1598,-0.00160927736984
1599,-0.00326429448168
1600,0.0025225624505
1601,-0.00355574854932
1602,-0.00375030879655
1603,-0.00353235651258
1604,-0.00612510756433
1605,-0.000516049062471
1606,0.00381134469303
1607,-0.000161811361981
1608,-0.003319766955
1609,-0.00156913099609
1610,-0.00335466031295
1611,-0.00571571926691
1612,-0.00308693249443
1613,-0.00573024064736
1614,-0.0036791864326
1615,-0.00641009134318
1616,-0.00386229361862
1617,-0.00805195969712
1618,-0.00281760733296
1619,0.000654384733511
1620,-0.00651495451416
1621,0.000760737591486
1622,-0.00221950362399
1623,-0.00207897929988
1624,-0.00475043835009
1625,-0.00505254915889
1626,0.00125323302346
1627,0.000853919822174
1628,-0.00316293433471
1629,-0.00176864873937
1630,-0.00500816643227
1631,0.000223610486656
1632,-0.00105993689563
1633,-0.00229254592301
1634,0.00252143664476
1635,0.00151661020537
1636,0.000100221188636
1637,-0.00329220748867
1638,0.00102092726195
1639,0.000925802485315
1640,0.000456781821576
1641,-0.000207876318402
1642,0.000620029729041
1643,0.00298304399267
1644,0.00263051168202
1645,0.00105886124517
1646,-0.0044729903947
1647,0.00217292793462
1648,-0.00457634275696
1649,-0.00118328320767
1650,0.00367846172461
1651,0.00214999627388
1652,-0.00252215870739
1653,0.00111866401989
1654,-0.00169355734097
1655,0.00299310205952
1656,-0.00173556653241
1657,0.000266498832732
1658,-0.000543687731672
1659,0.00163927451266
1660,0.000679836899993
1661,0.00434277314945
1662,0.00127583331786
1663,0.00189232365593
1664,-0.000768725822523
1665,-0.000141504306498
1666,0.00224261035656
1667,-0.00179152220244
1668,0.00370283580967
1669,-0.00352712851103
1670,0.00349239646556
1671,0.00157029416339
1672,-0.00250505025596
1673,0.00399792884719
1674,-7.79353219849e-05
1675,-0.00207202235457
1676,0.00085487493615
1677,1.68727482586e-06
1678,-0.00158080355892
1679,-0.00324493993863
1680,0.00130118212339
1681,-0.000307456688633
1682,-0.00014974817762
1683,0.000357391642321
1684,-0.00155117745673
1685,-0.00245129997672
1686,-0.00240612057184
1687,5.33827899089e-05
1688,-0.00298381630622
1689,0.000970088298665
1690,-0.000412575632679
1691,-0.00146757971926
1692,-0.000907412495739
1693,0.00431684069804
1694,0.000919924080809
1695,0.0062279102939
1696,0.00183084743404
1697,0.00536973479356
1698,0.000837630530695
1699,0.00123119215034
1700,0.00140360569502
1701,-0.00113368627251
1702,0.00316633429977
1703,0.00289646161749
1704,0.002343649756
1705,0.00159506481286
1706,-0.00122276556865
1707,0.00308931301629
1708,0.00447968451377
1709,0.00547711838105
1710,0.00644960375266
1711,0.00537144839363
1712,0.0033849859043
1713,0.00570898921935
1714,0.00538863423981
1715,0.00365273263671
1716,0.0089530923299
1717,0.00461812152871
1718,0.00656076409301
1719,0.00695401390507
1720,0.00717098893824
1721,0.0102337668068
1722,0.010635509195
1723,0.00758759059054
1724,0.0112812188027
1725,0.0115183893312
1726,0.0135407519555
1727,0.0104726944581
1728,0.016139741317
1729,0.0146316544488
1730,0.00892639481006
1731,0.0131907553129
1732,0.00770094607468
1733,0.0076501812627
1734,0.0109128646216
1735,0.0100129101406
1736,0.00449907893928
1737,0.00542461184572
1738,0.00883669103006
1739,0.00488350759638
1740,0.00746803492815
1741,0.00639527298688
1742,0.00762046697124
1743,0.00573132688642
1744,0.00799034456643
1745,0.00240161721839
1746,0.00437866409157
1747,-0.00111902131068
1748,0.00488152250016
1749,0.00442429744351
1750,0.0023011444395
1751,0.00391073762848
1752,0.00318235315987
1753,0.00353582054359
1754,-0.00121422885291
1755,0.00101005854774
1756,0.00363421022303
1757,9.50362490749e-06
1758,0.00158022642469
1759,-0.000899428819011
1760,0.00408428678854
1761,-0.000954451674325
1762,-0.00174228178238
1763,0.00290139283256
1764,-0.000667693849794
1765,-0.000166491968697
1766,0.00175061793843
1767,0.00121777777203
1768,-0.00112062398439
1769,0.00195488321289
1770,0.00162539406617
1771,0.000761238539768
1772,-0.000643221924327
1773,-0.00270456178743
1774,-0.000841760548956
1775,9.33727450928e-05
1776,-0.000798454121452
1777,-0.00200520204445
1778,-0.000269791443651
1779,-0.000994855987563
1780,0.0036492497623
1781,0.00103590928506
1782,0.00235123642383
1783,0.00045722703195
1784,0.00390271646898
1785,-0.000305522882775
1786,-0.00294680058709
1787,-0.00138001836784
1788,0.0032968834382
1789,-9.83246673693e-08
1790,0.00324171710303
1791,-0.00070844274048
1792,0.00290162006324
1793,-0.00189209831569
1794,-0.00153590888497
1795,-0.00146904891246
1796,-0.00112852916829
1797,-2.79095607636e-05
1798,-9.58514869614e-05
1799,0.000963973743803
1800,-0.00238850259796
1801,0.000828136299077
1802,-0.00359429984351
1803,0.00301368079868
1804,0.000425984583648
1805,0.0012579029229
1806,0.00124758347128
1807,0.00120243963999
1808,0.00333354387986
1809,0.00245674701118
1810,-0.00156556160128
1811,0.00439588086428
1812,-0.00192394522693
1813,0.00200085104174
1814,-4.06598455155e-05
1815,-0.000972565217046
1816,0.00290701440563
1817,-0.000588239312509
1818,0.00278740611177
1819,-0.000910779942264
1820,0.00236880168218
1821,0.00471322819288
1822,-0.000932403543025
1823,0.000618442369353
1824,0.0010038505116
1825,0.000157324281663
1826,-0.00364592816889
1827,-0.00230654794099
1828,-0.000136646836509
1829,-0.00151888261188
1830,2.29588943993e-05
1831,-0.00115060275801
1832,-0.00162776486731
1833,-0.000906900617788
1834,-0.000311042329075
1835,-0.0011620188386
1836,-0.00128065417143
1837,-0.0016705920509
1838,0.00228959482921
1839,-0.00586272025831
1840,0.000733511000795
1841,-0.00259340838541
1842,-0.00221957879041
1843,-0.00450108819645
1844,-0.00140002778684
1845,-0.000564137562134
1846,0.00050702468899
1847,0.000207281653657
1848,-0.00403714470582
1849,0.00101060920242
1850,-0.00369127504813
1851,-0.00425221365265
1852,-0.00120044718463
1853,0.00479973754535
1854,-0.00351318879945
1855,0.00109862707753
1856,0.00323843360517
1857,-0.00203330765931
1858,0.000612180478305
1859,0.00132348102274
1860,0.00434611445544
1861,0.000645862135674
1862,-0.00153923679737
1863,0.0018802937721
1864,0.00180457902105
1865,0.00133900386786
1866,0.000383987830441
1867,0.00112648552888
1868,0.000870233191946
1869,-0.000777750940844
1870,0.00116653080387
1871,-0.000651130347919
1872,0.00429331167922
1873,0.00396498077807
1874,-0.00103364966418
1875,0.00175970863271
1876,0.00176292899397
1877,-0.00230668384648
1878,0.00073398632244
1879,0.00265434658201
1880,-0.00143365322061
1881,0.000795096491649
1882,0.000512391822878
1883,-0.000162569848528
1884,0.00116914755879
1885,0.00107012009991
1886,0.000547930830144
1887,0.0021702359519
1888,0.00181409719373
1889,0.00192055229017
1890,0.00203177160306
1891,-0.00247738913294
1892,-0.000824578567363
1893,-0.000826773820294
1894,-0.00314447484322
1895,-0.00199814391947
1896,-0.00146071482823
1897,-0.00250490699013
1898,0.00160806537896
1899,-0.000538546816046
1900,-0.00122869587596
1901,-0.00636762647382
1902,-2.46921645518e-05
1903,-0.00204189170543
1904,-0.00499110263079
1905,0.00230817697819
1906,-0.000491581833055
1907,-0.000825563362416
1908,0.00279248521186
1909,-0.00639899964406
1910,6.17285626104e-05
1911,-0.00515706003796
1912,-0.00171357295325
1913,-0.0037750000235
1914,-0.000935191599301
1915,-0.00264292414809
1916,-0.00398383370915
1917,-0.00158350899374
1918,0.00278751374938
1919,-0.00256194314349
1920,-0.00265725579629
1921,0.00253307484823
1922,0.00286368778959
1923,7.24485375497e-05
1924,-0.000719607527118
1925,0.00108382466297
1926,-0.000763177308212
1927,0.000894194949897
1928,0.00113133961204
1929,0.00159119668809
1930,0.00207470924117
1931,-0.000354050084321
1932,-0.00230390711585
1933,-0.000302036030158
1934,0.000615358601796
1935,0.00185612160466
1936,0.00359234713924
1937,-0.00105313377792
1938,0.00356781259194
1939,0.0049376436506
1940,0.0042703720868
1941,-0.000141028728608
1942,0.000712426241462
1943,0.000524829854858
1944,0.00355788615727
1945,-0.00152204996236
1946,-0.000440259979233
1947,-6.40116839501e-05
1948,-0.000332366888584
1949,0.00280714516288
1950,0.00369321085747
1951,0.00121877159117
1952,0.00457092780583
1953,0.00165514538926
1954,-0.000733920968708
1955,-0.00165270189618
1956,0.00459406760893
1957,0.00191602803353
1958,0.00102621867382
1959,-0.0026781719487
1960,0.0010157566113
1961,-0.00154087367005
1962,0.00191782334565
1963,0.00319651139798
1964,0.00029738580848
1965,0.00422990038711
1966,0.00272334069914
1967,0.000102493943559
1968,0.00046337390092
1969,0.00174864878316
1970,-0.00496422385328
1971,-0.00156955877386
1972,-0.000257696917879
1973,-0.00132469927925
1974,0.000833500932244
1975,0.000935673878842
1976,0.00152795362379
1977,0.00186691193404
1978,0.00125184064809
1979,0.00308322801622
1980,0.00152121272394
1981,-0.00212642300844
1982,0.000177672374366
1983,-0.00140757625891
1984,0.00353412787766
1985,-0.000737043399975
1986,0.00407364955514
1987,0.00387126573711
1988,0.000838184615976
1989,0.0032905767871
1990,0.00259843917842
1991,0.00776190738492
1992,0.00641244147869
1993,0.00396145663178
1994,0.00439933657388
1995,0.00470745278082
1996,0.00576185372289
1997,0.00367889271144
1998,0.00592226434198
1999,0.00385905055678
2000,0.0112499630457
2001,0.00336747108953
2002,0.00663816507959
2003,0.0119442081109
2004,0.0124249192042
2005,0.0126611274248
2006,0.00910395530461
2007,0.0101685929464
2008,0.0111718674545
2009,0.00949364362976
2010,0.0119241732184
2011,0.0110963813407
2012,0.00629265758258
2013,0.0157629829358
2014,0.0120160468822
2015,0.0168022207602
2016,0.0214949633052
